{"cameraMode":{"drawMode":0,"name":"Shaded","section":"Shading Mode"},"sceneLighting":true,"audioPlay":false,"sceneViewState":{"m_AlwaysRefresh":false,"showFog":true,"showSkybox":true,"showFlares":true,"showImageEffects":true,"showParticleSystems":true,"showVisualEffectGraphs":true,"m_FxEnabled":true},"in2DMode":false,"pivot":{"x":880.7403564453125,"y":54.32122039794922,"z":0.8403854370117188},"rotation":{"x":-0.0797252357006073,"y":-0.0008987419423647225,"z":0.00007307455234695226,"w":-0.996820330619812},"size":286.6615905761719,"orthographic":false}